Company,Document Type,Document Format,Title,Text

Document Type: unknown
Company,Document Type,Document Format,Title,Text
Owl health,webpage,Better Data.Better Insights.Better Outcomes.,"We make it easy for behavioral health organizations to better screen, guide treatment, and engage with patients. Data insights from our measurement-based care platform help you improve your clinical outcomes, expand access, and prepare for value-based care."
Owl health,webpage,89.5%,Numbers are reflective of Owl customer data
Owl health,webpage,56%,"Risk stratify and triage patients to the right care, gather patient reported outcome measures to guide care, and improve clinical efficiency for expanded access."
Owl health,webpage,26%,LEARN MORE
Owl health,webpage,30%,Reduce clinician burden and deliver standardized consistent care across all of your clinical service lines and use data insights to prepare for value-based care.

------------------------


Document Format: webpage
Company,Document Type,Document Format,Title,Text
Owl health,webpage,Better Data.Better Insights.Better Outcomes.,"We make it easy for behavioral health organizations to better screen, guide treatment, and engage with patients. Data insights from our measurement-based care platform help you improve your clinical outcomes, expand access, and prepare for value-based care."
Owl health,webpage,89.5%,Numbers are reflective of Owl customer data
Owl health,webpage,56%,"Risk stratify and triage patients to the right care, gather patient reported outcome measures to guide care, and improve clinical efficiency for expanded access."
Owl health,webpage,26%,LEARN MORE
Owl health,webpage,30%,Reduce clinician burden and deliver standardized consistent care across all of your clinical service lines and use data insights to prepare for value-based care.
